[
  {
    "countryCode": 1,
    "countryName": "EUROPEAN",
    "countryDescription": "EUROPEAN UNION - 27           ",
    "regionId": 1,
    "gencCode": null
  },
  {
    "countryCode": 2,
    "countryName": "UNKNOWN",
    "countryDescription": "UNKNOWN",
    "regionId": 99,
    "gencCode": "AX1"
  },
  {
    "countryCode": 1010,
    "countryName": "GREENLD ",
    "countryDescription": "GREENLAND                      ",
    "regionId": 11,
    "gencCode": "GRL"
  },
  {
    "countryCode": 1220,
    "countryName": "CANADA  ",
    "countryDescription": "CANADA                         ",
    "regionId": 11,
    "gencCode": "CAN"
  },
  {
    "countryCode": 1610,
    "countryName": "MIGUEL  ",
    "countryDescription": "ST. PIERRE AND MIQUELON        ",
    "regionId": 11,
    "gencCode": null
  },
  {
    "countryCode": 2010,
    "countryName": "MEXICO  ",
    "countryDescription": "MEXICO                         ",
    "regionId": 11,
    "gencCode": "MEX"
  },
  {
    "countryCode": 2050,
    "countryName": "GUATMAL ",
    "countryDescription": "GUATEMALA                      ",
    "regionId": 11,
    "gencCode": "GTM"
  },
  {
    "countryCode": 2080,
    "countryName": "BELIZE  ",
    "countryDescription": "BELIZE                         ",
    "regionId": 11,
    "gencCode": "BLZ"
  },
  {
    "countryCode": 2110,
    "countryName": "SALVADR ",
    "countryDescription": "EL SALVADOR                    ",
    "regionId": 11,
    "gencCode": "SLV"
  },
  {
    "countryCode": 2150,
    "countryName": "HONDURA ",
    "countryDescription": "HONDURAS                       ",
    "regionId": 11,
    "gencCode": "HND"
  },
  {
    "countryCode": 2190,
    "countryName": "NICARAG ",
    "countryDescription": "NICARAGUA                      ",
    "regionId": 11,
    "gencCode": "NIC"
  },
  {
    "countryCode": 2230,
    "countryName": "C RICA  ",
    "countryDescription": "COSTA RICA                     ",
    "regionId": 11,
    "gencCode": "CRI"
  },
  {
    "countryCode": 2250,
    "countryName": "PANAMA  ",
    "countryDescription": "PANAMA                         ",
    "regionId": 11,
    "gencCode": "PAN"
  },
  {
    "countryCode": 2270,
    "countryName": "CANAL Z ",
    "countryDescription": "PANAMA CANAL ZONE              ",
    "regionId": 11,
    "gencCode": null
  },
  {
    "countryCode": 2320,
    "countryName": "BERMUDA ",
    "countryDescription": "BERMUDA                        ",
    "regionId": 11,
    "gencCode": "BMU"
  },
  {
    "countryCode": 2360,
    "countryName": "BAHAMAS ",
    "countryDescription": "BAHAMAS, THE                   ",
    "regionId": 11,
    "gencCode": "BHS"
  },
  {
    "countryCode": 2390,
    "countryName": "CUBA    ",
    "countryDescription": "CUBA                           ",
    "regionId": 11,
    "gencCode": "CUB"
  },
  {
    "countryCode": 2410,
    "countryName": "JAMAICA ",
    "countryDescription": "JAMAICA                        ",
    "regionId": 11,
    "gencCode": "JAM"
  },
  {
    "countryCode": 2430,
    "countryName": "TURK IS ",
    "countryDescription": "TURKS AND CAICOS ISLANDS       ",
    "regionId": 11,
    "gencCode": "TCA"
  },
  {
    "countryCode": 2440,
    "countryName": "CAYMAN  ",
    "countryDescription": "CAYMAN ISLANDS                 ",
    "regionId": 11,
    "gencCode": "CYM"
  },
  {
    "countryCode": 2450,
    "countryName": "HAITI   ",
    "countryDescription": "HAITI                          ",
    "regionId": 11,
    "gencCode": "HTI"
  },
  {
    "countryCode": 2470,
    "countryName": "DOM REP ",
    "countryDescription": "DOMINICAN REPUBLIC             ",
    "regionId": 11,
    "gencCode": "DOM"
  },
  {
    "countryCode": 2480,
    "countryName": "LW WW I ",
    "countryDescription": "LEEWARD-WINDWARD ISLANDS       ",
    "regionId": 11,
    "gencCode": null
  },
  {
    "countryCode": 2720,
    "countryName": "BARBADO ",
    "countryDescription": "BARBADOS                       ",
    "regionId": 11,
    "gencCode": "BRB"
  },
  {
    "countryCode": 2740,
    "countryName": "TRINID  ",
    "countryDescription": "TRINIDAD AND TOBAGO            ",
    "regionId": 11,
    "gencCode": "TTO"
  },
  {
    "countryCode": 2770,
    "countryName": "N ANTIL ",
    "countryDescription": "NETHERLANDS ANTILLES           ",
    "regionId": 11,
    "gencCode": null
  },
  {
    "countryCode": 2830,
    "countryName": "F W IND ",
    "countryDescription": "FRENCH WEST INDIES             ",
    "regionId": 11,
    "gencCode": null
  },
  {
    "countryCode": 3010,
    "countryName": "COLOMB  ",
    "countryDescription": "COLOMBIA                       ",
    "regionId": 11,
    "gencCode": "COL"
  },
  {
    "countryCode": 3070,
    "countryName": "VENEZ   ",
    "countryDescription": "VENEZUELA                      ",
    "regionId": 11,
    "gencCode": "VEN"
  },
  {
    "countryCode": 3120,
    "countryName": "GUYANA  ",
    "countryDescription": "GUYANA                         ",
    "regionId": 11,
    "gencCode": "GUY"
  },
  {
    "countryCode": 3150,
    "countryName": "SURINAM ",
    "countryDescription": "SURINAM                        ",
    "regionId": 11,
    "gencCode": null
  },
  {
    "countryCode": 3170,
    "countryName": "F GUIAN ",
    "countryDescription": "FRENCH GUIANA                  ",
    "regionId": 11,
    "gencCode": "GUF"
  },
  {
    "countryCode": 3310,
    "countryName": "ECUADOR ",
    "countryDescription": "ECUADOR                        ",
    "regionId": 11,
    "gencCode": "ECU"
  },
  {
    "countryCode": 3330,
    "countryName": "PERU    ",
    "countryDescription": "PERU                           ",
    "regionId": 11,
    "gencCode": "PER"
  },
  {
    "countryCode": 3350,
    "countryName": "BOLIVIA ",
    "countryDescription": "BOLIVIA                        ",
    "regionId": 11,
    "gencCode": "BOL"
  },
  {
    "countryCode": 3370,
    "countryName": "CHILE   ",
    "countryDescription": "CHILE                          ",
    "regionId": 11,
    "gencCode": "CHL"
  },
  {
    "countryCode": 3510,
    "countryName": "BRAZIL  ",
    "countryDescription": "BRAZIL                         ",
    "regionId": 11,
    "gencCode": "BRA"
  },
  {
    "countryCode": 3530,
    "countryName": "PARAGUA ",
    "countryDescription": "PARAGUAY                       ",
    "regionId": 11,
    "gencCode": "PRY"
  },
  {
    "countryCode": 3550,
    "countryName": "URUGUAY ",
    "countryDescription": "URUGUAY                        ",
    "regionId": 11,
    "gencCode": "URY"
  },
  {
    "countryCode": 3570,
    "countryName": "ARGENT  ",
    "countryDescription": "ARGENTINA                      ",
    "regionId": 11,
    "gencCode": "ARG"
  },
  {
    "countryCode": 3720,
    "countryName": "FALK IS ",
    "countryDescription": "FALKLAND ISLANDS (ISLAS MALVIN)",
    "regionId": 11,
    "gencCode": null
  },
  {
    "countryCode": 4000,
    "countryName": "ICELAND ",
    "countryDescription": "ICELAND                        ",
    "regionId": 2,
    "gencCode": "ISL"
  },
  {
    "countryCode": 4010,
    "countryName": "SWEDEN  ",
    "countryDescription": "SWEDEN                         ",
    "regionId": 1,
    "gencCode": "SWE"
  },
  {
    "countryCode": 4030,
    "countryName": "NORWAY  ",
    "countryDescription": "NORWAY                         ",
    "regionId": 2,
    "gencCode": "NOR"
  },
  {
    "countryCode": 4050,
    "countryName": "FINLAND ",
    "countryDescription": "FINLAND                        ",
    "regionId": 1,
    "gencCode": "FIN"
  },
  {
    "countryCode": 4090,
    "countryName": "DENMARK ",
    "countryDescription": "DENMARK                        ",
    "regionId": 1,
    "gencCode": "DNK"
  },
  {
    "countryCode": 4120,
    "countryName": "U KING  ",
    "countryDescription": "UNITED KINGDOM                 ",
    "regionId": 1,
    "gencCode": "GBR"
  },
  {
    "countryCode": 4190,
    "countryName": "IRELAND ",
    "countryDescription": "IRELAND                        ",
    "regionId": 1,
    "gencCode": "IRL"
  },
  {
    "countryCode": 4210,
    "countryName": "NETHLDS ",
    "countryDescription": "NETHERLANDS                    ",
    "regionId": 1,
    "gencCode": "NLD"
  },
  {
    "countryCode": 4230,
    "countryName": "BELGIUM ",
    "countryDescription": "BELGIUM-LUXEMBOURG             ",
    "regionId": 1,
    "gencCode": "BEL"
  },
  {
    "countryCode": 4270,
    "countryName": "FRANCE  ",
    "countryDescription": "FRANCE                         ",
    "regionId": 1,
    "gencCode": "FRA"
  },
  {
    "countryCode": 4280,
    "countryName": "GERMANY ",
    "countryDescription": "GERMANY                        ",
    "regionId": 1,
    "gencCode": "DEU"
  },
  {
    "countryCode": 4290,
    "countryName": "GERM DR ",
    "countryDescription": "GERMAN DEMOCRATIC REPUBLIC     ",
    "regionId": 1,
    "gencCode": null
  },
  {
    "countryCode": 4330,
    "countryName": "AUSTRIA ",
    "countryDescription": "AUSTRIA                        ",
    "regionId": 1,
    "gencCode": "AUT"
  },
  {
    "countryCode": 4350,
    "countryName": "CZECHO  ",
    "countryDescription": "CZECHOSLOVAKIA                 ",
    "regionId": 1,
    "gencCode": null
  },
  {
    "countryCode": 4351,
    "countryName": "CZECH RE",
    "countryDescription": "CZECH REPUBLIC                 ",
    "regionId": 1,
    "gencCode": "CZE"
  },
  {
    "countryCode": 4359,
    "countryName": "SLOVAKIA",
    "countryDescription": "SLOVAKIA                       ",
    "regionId": 1,
    "gencCode": "SVK"
  },
  {
    "countryCode": 4370,
    "countryName": "HUNGARY ",
    "countryDescription": "HUNGARY                        ",
    "regionId": 1,
    "gencCode": "HUN"
  },
  {
    "countryCode": 4410,
    "countryName": "SWITZLD ",
    "countryDescription": "SWITZERLAND                    ",
    "regionId": 2,
    "gencCode": "CHE"
  },
  {
    "countryCode": 4461,
    "countryName": "FSU-12  ",
    "countryDescription": "FORMER SOVIET UNION            ",
    "regionId": 4,
    "gencCode": null
  },
  {
    "countryCode": 4470,
    "countryName": "ESTONIA ",
    "countryDescription": "ESTONIA                        ",
    "regionId": 1,
    "gencCode": "EST"
  },
  {
    "countryCode": 4490,
    "countryName": "LATVIA  ",
    "countryDescription": "LATVIA                         ",
    "regionId": 1,
    "gencCode": "LVA"
  },
  {
    "countryCode": 4510,
    "countryName": "LITHUAN ",
    "countryDescription": "LITHUANIA                      ",
    "regionId": 1,
    "gencCode": "LTU"
  },
  {
    "countryCode": 4550,
    "countryName": "POLAND  ",
    "countryDescription": "POLAND                         ",
    "regionId": 1,
    "gencCode": "POL"
  },
  {
    "countryCode": 4621,
    "countryName": "RUSSIA  ",
    "countryDescription": "RUSSIAN FEDERATION             ",
    "regionId": 4,
    "gencCode": "RUS"
  },
  {
    "countryCode": 4622,
    "countryName": "BELARUS ",
    "countryDescription": "BYELARUS, REPUBLIC OF          ",
    "regionId": 4,
    "gencCode": "BLR"
  },
  {
    "countryCode": 4623,
    "countryName": "UKRAINE ",
    "countryDescription": "UKRAINE                        ",
    "regionId": 4,
    "gencCode": "UKR"
  },
  {
    "countryCode": 4631,
    "countryName": "ARMENIA ",
    "countryDescription": "ARMENIA, REPUBLIC OF           ",
    "regionId": 4,
    "gencCode": "ARM"
  },
  {
    "countryCode": 4632,
    "countryName": "AZERBJN ",
    "countryDescription": "AZERBAIJAN, REPUBLIC OF        ",
    "regionId": 4,
    "gencCode": null
  },
  {
    "countryCode": 4633,
    "countryName": "GEORGIA ",
    "countryDescription": "GEORGIA, REPUBLIC OF           ",
    "regionId": 4,
    "gencCode": "GEO"
  },
  {
    "countryCode": 4634,
    "countryName": "KAZAKHS ",
    "countryDescription": "KAZAKHSTAN, REPUBLIC OF        ",
    "regionId": 4,
    "gencCode": null
  },
  {
    "countryCode": 4635,
    "countryName": "KYRGYZS ",
    "countryDescription": "KYRGYZSTAN, REPUBLIC OF        ",
    "regionId": 4,
    "gencCode": null
  },
  {
    "countryCode": 4641,
    "countryName": "MOLDOVA ",
    "countryDescription": "MOLDOVA, REPUBLIC OF           ",
    "regionId": 4,
    "gencCode": "MDA"
  },
  {
    "countryCode": 4642,
    "countryName": "TAJIKIS ",
    "countryDescription": "TAJIKISTAN, REPUBLIC OF        ",
    "regionId": 4,
    "gencCode": null
  },
  {
    "countryCode": 4643,
    "countryName": "TURKMEN ",
    "countryDescription": "TURKMENISTAN                   ",
    "regionId": 4,
    "gencCode": "TKM"
  },
  {
    "countryCode": 4644,
    "countryName": "UZBEKIS ",
    "countryDescription": "UZBEKISTAN, REPUBLIC OF        ",
    "regionId": 4,
    "gencCode": null
  },
  {
    "countryCode": 4670,
    "countryName": "AZORES  ",
    "countryDescription": "AZORES                         ",
    "regionId": 2,
    "gencCode": null
  },
  {
    "countryCode": 4700,
    "countryName": "SPAIN   ",
    "countryDescription": "SPAIN                          ",
    "regionId": 1,
    "gencCode": "ESP"
  },
  {
    "countryCode": 4710,
    "countryName": "PORTUGL ",
    "countryDescription": "PORTUGAL                       ",
    "regionId": 1,
    "gencCode": "PRT"
  },
  {
    "countryCode": 4720,
    "countryName": "GIBRALT ",
    "countryDescription": "GIBRALTAR                      ",
    "regionId": 2,
    "gencCode": "GIB"
  },
  {
    "countryCode": 4730,
    "countryName": "MALTA   ",
    "countryDescription": "MALTA & GOZO                   ",
    "regionId": 1,
    "gencCode": "MLT"
  },
  {
    "countryCode": 4750,
    "countryName": "ITALY   ",
    "countryDescription": "ITALY                          ",
    "regionId": 1,
    "gencCode": "ITA"
  },
  {
    "countryCode": 4791,
    "countryName": "CROATIA ",
    "countryDescription": "CROATIA                        ",
    "regionId": 2,
    "gencCode": "HRV"
  },
  {
    "countryCode": 4792,
    "countryName": "SLOVENIA",
    "countryDescription": "SLOVENIA                       ",
    "regionId": 1,
    "gencCode": "SVN"
  },
  {
    "countryCode": 4793,
    "countryName": "BOSNIA  ",
    "countryDescription": "BOSNIA-HERCEGOVINA             ",
    "regionId": 2,
    "gencCode": null
  },
  {
    "countryCode": 4794,
    "countryName": "MACEDON ",
    "countryDescription": "MACEDONIA (SKOPJE)             ",
    "regionId": 2,
    "gencCode": null
  },
  {
    "countryCode": 4799,
    "countryName": "YUGOSLV ",
    "countryDescription": "YUGOSLAVIA                     ",
    "regionId": 2,
    "gencCode": null
  },
  {
    "countryCode": 4810,
    "countryName": "ALBANIA ",
    "countryDescription": "ALBANIA                        ",
    "regionId": 2,
    "gencCode": "ALB"
  },
  {
    "countryCode": 4840,
    "countryName": "GREECE  ",
    "countryDescription": "GREECE                         ",
    "regionId": 1,
    "gencCode": "GRC"
  },
  {
    "countryCode": 4850,
    "countryName": "ROMANIA ",
    "countryDescription": "ROMANIA                        ",
    "regionId": 1,
    "gencCode": "ROU"
  },
  {
    "countryCode": 4870,
    "countryName": "BULGAR  ",
    "countryDescription": "BULGARIA                       ",
    "regionId": 1,
    "gencCode": "BGR"
  },
  {
    "countryCode": 4890,
    "countryName": "TURKEY  ",
    "countryDescription": "TURKEY                         ",
    "regionId": 2,
    "gencCode": "TUR"
  },
  {
    "countryCode": 4910,
    "countryName": "CYPRUS  ",
    "countryDescription": "CYPRUS                         ",
    "regionId": 1,
    "gencCode": "CYP"
  },
  {
    "countryCode": 5020,
    "countryName": "SYRIA   ",
    "countryDescription": "SYRIA                          ",
    "regionId": 9,
    "gencCode": "SYR"
  },
  {
    "countryCode": 5040,
    "countryName": "LEBANON ",
    "countryDescription": "LEBANON                        ",
    "regionId": 9,
    "gencCode": "LBN"
  },
  {
    "countryCode": 5050,
    "countryName": "IRAQ    ",
    "countryDescription": "IRAQ                           ",
    "regionId": 9,
    "gencCode": "IRQ"
  },
  {
    "countryCode": 5070,
    "countryName": "IRAN    ",
    "countryDescription": "IRAN                           ",
    "regionId": 9,
    "gencCode": "IRN"
  },
  {
    "countryCode": 5080,
    "countryName": "ISRAEL  ",
    "countryDescription": "ISRAEL                         ",
    "regionId": 9,
    "gencCode": "ISR"
  },
  {
    "countryCode": 5110,
    "countryName": "JORDAN  ",
    "countryDescription": "JORDAN                         ",
    "regionId": 9,
    "gencCode": "JOR"
  },
  {
    "countryCode": 5120,
    "countryName": "GAZA ST ",
    "countryDescription": "GAZA STRIP                     ",
    "regionId": 9,
    "gencCode": null
  },
  {
    "countryCode": 5130,
    "countryName": "KUWAIT  ",
    "countryDescription": "KUWAIT                         ",
    "regionId": 9,
    "gencCode": "KWT"
  },
  {
    "countryCode": 5170,
    "countryName": "S ARAB  ",
    "countryDescription": "SAUDI ARABIA                   ",
    "regionId": 9,
    "gencCode": "SAU"
  },
  {
    "countryCode": 5180,
    "countryName": "QATAR   ",
    "countryDescription": "QATAR                          ",
    "regionId": 9,
    "gencCode": "QAT"
  },
  {
    "countryCode": 5200,
    "countryName": "U AR EM ",
    "countryDescription": "UNITED ARAB EMIRATES           ",
    "regionId": 9,
    "gencCode": "ARE"
  },
  {
    "countryCode": 5210,
    "countryName": "YEMEN   ",
    "countryDescription": "YEMEN                          ",
    "regionId": 9,
    "gencCode": "YEM"
  },
  {
    "countryCode": 5220,
    "countryName": "S YEMEN ",
    "countryDescription": "YEMEN (ADEN)                   ",
    "regionId": 9,
    "gencCode": null
  },
  {
    "countryCode": 5230,
    "countryName": "OMAN    ",
    "countryDescription": "OMAN                           ",
    "regionId": 9,
    "gencCode": "OMN"
  },
  {
    "countryCode": 5250,
    "countryName": "BAHRAIN ",
    "countryDescription": "BAHRAIN                        ",
    "regionId": 9,
    "gencCode": "BHR"
  },
  {
    "countryCode": 5310,
    "countryName": "AFGHAN  ",
    "countryDescription": "AFGHANISTAN                    ",
    "regionId": 9,
    "gencCode": "AFG"
  },
  {
    "countryCode": 5330,
    "countryName": "INDIA   ",
    "countryDescription": "INDIA                          ",
    "regionId": 8,
    "gencCode": "IND"
  },
  {
    "countryCode": 5350,
    "countryName": "PAKISTN ",
    "countryDescription": "PAKISTAN                       ",
    "regionId": 9,
    "gencCode": "PAK"
  },
  {
    "countryCode": 5360,
    "countryName": "NEPAL   ",
    "countryDescription": "NEPAL                          ",
    "regionId": 9,
    "gencCode": "NPL"
  },
  {
    "countryCode": 5380,
    "countryName": "BANGLADH",
    "countryDescription": "BANGLADESH                     ",
    "regionId": 9,
    "gencCode": "BGD"
  },
  {
    "countryCode": 5420,
    "countryName": "S LANKA ",
    "countryDescription": "SRI LANKA                      ",
    "regionId": 9,
    "gencCode": "LKA"
  },
  {
    "countryCode": 5460,
    "countryName": "BURMA   ",
    "countryDescription": "BURMA                          ",
    "regionId": 9,
    "gencCode": "MMR"
  },
  {
    "countryCode": 5490,
    "countryName": "THAILND ",
    "countryDescription": "THAILAND                       ",
    "regionId": 9,
    "gencCode": "THA"
  },
  {
    "countryCode": 5510,
    "countryName": "S VETNM ",
    "countryDescription": "VIETNAM, REPUBLIC OF (SOUTH)   ",
    "regionId": 9,
    "gencCode": null
  },
  {
    "countryCode": 5520,
    "countryName": "VIETNAM ",
    "countryDescription": "VIETNAM                        ",
    "regionId": 9,
    "gencCode": "VNM"
  },
  {
    "countryCode": 5530,
    "countryName": "LAOS    ",
    "countryDescription": "LAOS                           ",
    "regionId": 9,
    "gencCode": "LAO"
  },
  {
    "countryCode": 5550,
    "countryName": "CAMBODIA",
    "countryDescription": "CAMBODIA                       ",
    "regionId": 9,
    "gencCode": "KHM"
  },
  {
    "countryCode": 5570,
    "countryName": "MALAYSA ",
    "countryDescription": "MALAYSIA                       ",
    "regionId": 9,
    "gencCode": "MYS"
  },
  {
    "countryCode": 5590,
    "countryName": "SINGAPR ",
    "countryDescription": "SINGAPORE                      ",
    "regionId": 9,
    "gencCode": "SGP"
  },
  {
    "countryCode": 5600,
    "countryName": "INDNSIA ",
    "countryDescription": "INDONESIA                      ",
    "regionId": 9,
    "gencCode": "IDN"
  },
  {
    "countryCode": 5610,
    "countryName": "BRUNEI  ",
    "countryDescription": "BRUNEI                         ",
    "regionId": 9,
    "gencCode": "BRN"
  },
  {
    "countryCode": 5650,
    "countryName": "PHIL    ",
    "countryDescription": "PHILIPPINES                    ",
    "regionId": 9,
    "gencCode": "PHL"
  },
  {
    "countryCode": 5660,
    "countryName": "MACAU   ",
    "countryDescription": "MACAU                          ",
    "regionId": 9,
    "gencCode": "MAC"
  },
  {
    "countryCode": 5680,
    "countryName": "SO ASIA ",
    "countryDescription": "SOUTHERN ASIA                  ",
    "regionId": 9,
    "gencCode": null
  },
  {
    "countryCode": 5700,
    "countryName": "CHINA   ",
    "countryDescription": "CHINA, PEOPLES REPUBLIC OF     ",
    "regionId": 7,
    "gencCode": "CHN"
  },
  {
    "countryCode": 5740,
    "countryName": "MONGOLIA",
    "countryDescription": "MONGOLIA                       ",
    "regionId": 9,
    "gencCode": "MNG"
  },
  {
    "countryCode": 5790,
    "countryName": "NO KOR  ",
    "countryDescription": "KOREA, DEMOCRATIC PEOPLE'S REP ",
    "regionId": 9,
    "gencCode": null
  },
  {
    "countryCode": 5800,
    "countryName": "KOR REP ",
    "countryDescription": "KOREA, REPUBLIC OF             ",
    "regionId": 9,
    "gencCode": null
  },
  {
    "countryCode": 5820,
    "countryName": "HG KONG ",
    "countryDescription": "HONG KONG                      ",
    "regionId": 9,
    "gencCode": "HKG"
  },
  {
    "countryCode": 5830,
    "countryName": "TAIWAN  ",
    "countryDescription": "TAIWAN                         ",
    "regionId": 6,
    "gencCode": "TWN"
  },
  {
    "countryCode": 5880,
    "countryName": "JAPAN   ",
    "countryDescription": "JAPAN                          ",
    "regionId": 5,
    "gencCode": "JPN"
  },
  {
    "countryCode": 6020,
    "countryName": "AUSTRAL ",
    "countryDescription": "AUSTRALIA                      ",
    "regionId": 9,
    "gencCode": "AUS"
  },
  {
    "countryCode": 6040,
    "countryName": "NEW GUI ",
    "countryDescription": "PAPUA NEW GUINEA               ",
    "regionId": 9,
    "gencCode": "PNG"
  },
  {
    "countryCode": 6140,
    "countryName": "N ZEAL  ",
    "countryDescription": "NEW ZEALAND                    ",
    "regionId": 9,
    "gencCode": "NZL"
  },
  {
    "countryCode": 6150,
    "countryName": "W SAMOA ",
    "countryDescription": "WESTERN SAMOA                  ",
    "regionId": 9,
    "gencCode": null
  },
  {
    "countryCode": 6220,
    "countryName": "BR P IS ",
    "countryDescription": "BRITISH PACIFIC ISLANDS        ",
    "regionId": 9,
    "gencCode": null
  },
  {
    "countryCode": 6410,
    "countryName": "FR P IS ",
    "countryDescription": "FRENCH PACIFIC ISLANDS         ",
    "regionId": 9,
    "gencCode": null
  },
  {
    "countryCode": 6810,
    "countryName": "MARSHALL",
    "countryDescription": "MARSHALL ISLANDS               ",
    "regionId": 9,
    "gencCode": "MHL"
  },
  {
    "countryCode": 6820,
    "countryName": "MICRONES",
    "countryDescription": "FEDERATED STATES OF MICRONESIA ",
    "regionId": 9,
    "gencCode": "FSM"
  },
  {
    "countryCode": 6830,
    "countryName": "PALAU   ",
    "countryDescription": "PALAU                          ",
    "regionId": 9,
    "gencCode": "PLW"
  },
  {
    "countryCode": 6840,
    "countryName": "T PAC I ",
    "countryDescription": "TRUST TERRITORY OF THE PACIFIC ",
    "regionId": 9,
    "gencCode": null
  },
  {
    "countryCode": 6860,
    "countryName": "OPAC IS ",
    "countryDescription": "OTHER PACIFIC ISLANDS, NEC     ",
    "regionId": 9,
    "gencCode": null
  },
  {
    "countryCode": 7140,
    "countryName": "MOROCCO ",
    "countryDescription": "MOROCCO                        ",
    "regionId": 10,
    "gencCode": "MAR"
  },
  {
    "countryCode": 7210,
    "countryName": "ALGERIA ",
    "countryDescription": "ALGERIA                        ",
    "regionId": 10,
    "gencCode": "DZA"
  },
  {
    "countryCode": 7230,
    "countryName": "TUNISIA ",
    "countryDescription": "TUNISIA                        ",
    "regionId": 10,
    "gencCode": "TUN"
  },
  {
    "countryCode": 7250,
    "countryName": "LIBYA   ",
    "countryDescription": "LIBYA                          ",
    "regionId": 10,
    "gencCode": "LBY"
  },
  {
    "countryCode": 7290,
    "countryName": "EGYPT   ",
    "countryDescription": "EGYPT                          ",
    "regionId": 10,
    "gencCode": "EGY"
  },
  {
    "countryCode": 7320,
    "countryName": "SUDAN   ",
    "countryDescription": "SUDAN                          ",
    "regionId": 10,
    "gencCode": "SDN"
  },
  {
    "countryCode": 7323,
    "countryName": "South su",
    "countryDescription": "south sudan                    ",
    "regionId": 10,
    "gencCode": null
  },
  {
    "countryCode": 7330,
    "countryName": "CNRY I  ",
    "countryDescription": "CANARY ISLANDS                 ",
    "regionId": 10,
    "gencCode": null
  },
  {
    "countryCode": 7370,
    "countryName": "W SAHARA",
    "countryDescription": "WESTERN SAHARA                 ",
    "regionId": 10,
    "gencCode": "ESH"
  },
  {
    "countryCode": 7380,
    "countryName": "EQ GUIN ",
    "countryDescription": "EQUATORIAL GUINEA              ",
    "regionId": 10,
    "gencCode": "GNQ"
  },
  {
    "countryCode": 7410,
    "countryName": "MAURITN ",
    "countryDescription": "MAURITANIA                     ",
    "regionId": 10,
    "gencCode": "MRT"
  },
  {
    "countryCode": 7420,
    "countryName": "CAMROON ",
    "countryDescription": "CAMEROON                       ",
    "regionId": 10,
    "gencCode": "CMR"
  },
  {
    "countryCode": 7440,
    "countryName": "SENEGAL ",
    "countryDescription": "SENEGAL                        ",
    "regionId": 10,
    "gencCode": "SEN"
  },
  {
    "countryCode": 7450,
    "countryName": "MALI    ",
    "countryDescription": "MALI                           ",
    "regionId": 10,
    "gencCode": "MLI"
  },
  {
    "countryCode": 7460,
    "countryName": "GUIN-CON",
    "countryDescription": "GUINEA                         ",
    "regionId": 10,
    "gencCode": "GIN"
  },
  {
    "countryCode": 7470,
    "countryName": "SIER LN ",
    "countryDescription": "SIERRA LEONE                   ",
    "regionId": 10,
    "gencCode": "SLE"
  },
  {
    "countryCode": 7480,
    "countryName": "C IVOIRE",
    "countryDescription": "COTE D'IVOIRE                  ",
    "regionId": 10,
    "gencCode": null
  },
  {
    "countryCode": 7490,
    "countryName": "GHANA   ",
    "countryDescription": "GHANA                          ",
    "regionId": 10,
    "gencCode": "GHA"
  },
  {
    "countryCode": 7500,
    "countryName": "GAMBIA  ",
    "countryDescription": "GAMBIA, THE                    ",
    "regionId": 10,
    "gencCode": "GMB"
  },
  {
    "countryCode": 7510,
    "countryName": "NIGER   ",
    "countryDescription": "NIGER                          ",
    "regionId": 10,
    "gencCode": "NER"
  },
  {
    "countryCode": 7520,
    "countryName": "TOGO    ",
    "countryDescription": "TOGO                           ",
    "regionId": 10,
    "gencCode": "TGO"
  },
  {
    "countryCode": 7530,
    "countryName": "NIGERIA ",
    "countryDescription": "NIGERIA                        ",
    "regionId": 10,
    "gencCode": "NGA"
  },
  {
    "countryCode": 7540,
    "countryName": "C AF EMP",
    "countryDescription": "CENTRAL AFRICAN REPUBLIC       ",
    "regionId": 10,
    "gencCode": "CAF"
  },
  {
    "countryCode": 7550,
    "countryName": "GABON   ",
    "countryDescription": "GABON                          ",
    "regionId": 10,
    "gencCode": "GAB"
  },
  {
    "countryCode": 7560,
    "countryName": "CHAD    ",
    "countryDescription": "CHAD                           ",
    "regionId": 10,
    "gencCode": "TCD"
  },
  {
    "countryCode": 7580,
    "countryName": "S HELENA",
    "countryDescription": "ST. HELENA (BR W AFR)          ",
    "regionId": 10,
    "gencCode": null
  },
  {
    "countryCode": 7590,
    "countryName": "MADIERA ",
    "countryDescription": "MADEIRA ISLANDS                ",
    "regionId": 10,
    "gencCode": null
  },
  {
    "countryCode": 7600,
    "countryName": "BUR FASO",
    "countryDescription": "BURKINA FASO                   ",
    "regionId": 10,
    "gencCode": null
  },
  {
    "countryCode": 7610,
    "countryName": "BENIN   ",
    "countryDescription": "BENIN                          ",
    "regionId": 10,
    "gencCode": "BEN"
  },
  {
    "countryCode": 7620,
    "countryName": "ANGOLA  ",
    "countryDescription": "ANGOLA                         ",
    "regionId": 10,
    "gencCode": "AGO"
  },
  {
    "countryCode": 7630,
    "countryName": "CO BRAZ ",
    "countryDescription": "CONGO (BRAZZAVILLE)            ",
    "regionId": 10,
    "gencCode": "COG"
  },
  {
    "countryCode": 7640,
    "countryName": "GUIN-BIS",
    "countryDescription": "WESTERN AFRICA, NEC            ",
    "regionId": 10,
    "gencCode": null
  },
  {
    "countryCode": 7650,
    "countryName": "LIBERIA ",
    "countryDescription": "LIBERIA                        ",
    "regionId": 10,
    "gencCode": "LBR"
  },
  {
    "countryCode": 7660,
    "countryName": "CONGO DR",
    "countryDescription": "CONGO, DEMOCRATIC REPUBLIC OF  ",
    "regionId": 10,
    "gencCode": null
  },
  {
    "countryCode": 7670,
    "countryName": "BURUNDI ",
    "countryDescription": "BURUNDI                        ",
    "regionId": 10,
    "gencCode": "BDI"
  },
  {
    "countryCode": 7690,
    "countryName": "RWANDA  ",
    "countryDescription": "RWANDA                         ",
    "regionId": 10,
    "gencCode": "RWA"
  },
  {
    "countryCode": 7700,
    "countryName": "SOM REP ",
    "countryDescription": "SOMALIA                        ",
    "regionId": 10,
    "gencCode": "SOM"
  },
  {
    "countryCode": 7740,
    "countryName": "ETHIOP  ",
    "countryDescription": "ETHIOPIA                       ",
    "regionId": 10,
    "gencCode": "ETH"
  },
  {
    "countryCode": 7741,
    "countryName": "ERITREA ",
    "countryDescription": "ERITREA                        ",
    "regionId": 10,
    "gencCode": "ERI"
  },
  {
    "countryCode": 7770,
    "countryName": "DJIBOUTI",
    "countryDescription": "DJIBOUTI AFARS-ISSAS           ",
    "regionId": 10,
    "gencCode": "DJI"
  },
  {
    "countryCode": 7780,
    "countryName": "UGANDA  ",
    "countryDescription": "UGANDA                         ",
    "regionId": 10,
    "gencCode": "UGA"
  },
  {
    "countryCode": 7790,
    "countryName": "KENYA   ",
    "countryDescription": "KENYA                          ",
    "regionId": 10,
    "gencCode": "KEN"
  },
  {
    "countryCode": 7800,
    "countryName": "SEYCHEL ",
    "countryDescription": "SEYCHELLES AND DEPENDENTS      ",
    "regionId": 10,
    "gencCode": null
  },
  {
    "countryCode": 7810,
    "countryName": "B IND O ",
    "countryDescription": "BRITISH INDIAN OCEAN TERRITORY ",
    "regionId": 10,
    "gencCode": "IOT"
  },
  {
    "countryCode": 7830,
    "countryName": "TNZANIA ",
    "countryDescription": "TANZANIA, UNITED REPUBLIC OF   ",
    "regionId": 10,
    "gencCode": null
  },
  {
    "countryCode": 7850,
    "countryName": "MAURIT  ",
    "countryDescription": "MAURITIUS AND DEPENDENTS       ",
    "regionId": 10,
    "gencCode": null
  },
  {
    "countryCode": 7870,
    "countryName": "MOZAMBQ ",
    "countryDescription": "MOZAMBIQUE                     ",
    "regionId": 10,
    "gencCode": "MOZ"
  },
  {
    "countryCode": 7880,
    "countryName": "MADAGASR",
    "countryDescription": "MADAGASCAR                     ",
    "regionId": 10,
    "gencCode": "MDG"
  },
  {
    "countryCode": 7890,
    "countryName": "COMOROS ",
    "countryDescription": "COMOROS                        ",
    "regionId": 10,
    "gencCode": "COM"
  },
  {
    "countryCode": 7900,
    "countryName": "F IND O ",
    "countryDescription": "FRENCH IND. OCEAN TERRITORY    ",
    "regionId": 10,
    "gencCode": null
  },
  {
    "countryCode": 7910,
    "countryName": "REP SAF ",
    "countryDescription": "SOUTH AFRICA, REPUBLIC OF      ",
    "regionId": 10,
    "gencCode": null
  },
  {
    "countryCode": 7920,
    "countryName": "NAMIBIA ",
    "countryDescription": "NAMIBIA                        ",
    "regionId": 10,
    "gencCode": "NAM"
  },
  {
    "countryCode": 7930,
    "countryName": "BOTSWANA",
    "countryDescription": "BOTSWANA                       ",
    "regionId": 10,
    "gencCode": "BWA"
  },
  {
    "countryCode": 7940,
    "countryName": "ZAMBIA  ",
    "countryDescription": "ZAMBIA                         ",
    "regionId": 10,
    "gencCode": "ZMB"
  },
  {
    "countryCode": 7950,
    "countryName": "SWAZLND ",
    "countryDescription": "SWAZILAND                      ",
    "regionId": 10,
    "gencCode": null
  },
  {
    "countryCode": 7960,
    "countryName": "ZIMBABWE",
    "countryDescription": "ZIMBABWE                       ",
    "regionId": 10,
    "gencCode": "ZWE"
  },
  {
    "countryCode": 7970,
    "countryName": "MALAWI  ",
    "countryDescription": "MALAWI                         ",
    "regionId": 10,
    "gencCode": "MWI"
  },
  {
    "countryCode": 7990,
    "countryName": "LESOTHO ",
    "countryDescription": "LESOTHO                        ",
    "regionId": 10,
    "gencCode": "LSO"
  },
  {
    "countryCode": 9110,
    "countryName": "VIRGIN I",
    "countryDescription": "VIRGIN ISLANDS OF THE U.S.     ",
    "regionId": 11,
    "gencCode": null
  },
  {
    "countryCode": 9310,
    "countryName": "MIDWAY I",
    "countryDescription": "MIDWAY ISLANDS                 ",
    "regionId": 9,
    "gencCode": null
  },
  {
    "countryCode": 9330,
    "countryName": "WAKE IS ",
    "countryDescription": "WAKE ISLAND                    ",
    "regionId": 9,
    "gencCode": null
  },
  {
    "countryCode": 9350,
    "countryName": "GUAM    ",
    "countryDescription": "GUAM                           ",
    "regionId": 9,
    "gencCode": "GUM"
  },
  {
    "countryCode": 9410,
    "countryName": "CAN EN I",
    "countryDescription": "CANTON AND ENDERBURY ISLANDS   ",
    "regionId": 9,
    "gencCode": null
  },
  {
    "countryCode": 9510,
    "countryName": "AM SAMOA",
    "countryDescription": "AMERICAN SAMOA                 ",
    "regionId": 9,
    "gencCode": "ASM"
  },
  {
    "countryCode": 9610,
    "countryName": "NMARIANA",
    "countryDescription": "NORTHERN MARIANA ISLANDS       ",
    "regionId": 9,
    "gencCode": "MNP"
  },
  {
    "countryCode": 9800,
    "countryName": "US O IS ",
    "countryDescription": "US MINOR OUTLYING ISLAND       ",
    "regionId": 9,
    "gencCode": null
  }
]